is_about,is_quality_measurement_of,has_specified_numeric_value,has_measurement_unit_label
7022P_411491,Mooney Viscosity,54,
7022P_411491,Mooney Stress Relaxation,3.333,
7022P_411491,Styrene_Cont,21.0,
7022P_411491,Cis_Cont,13.5,
7022P_411491,Trans_Cont,15.5,
7022P_411491,Vinyl_Cont,49.9,
7022P_411491,Glass Transition Temperature,-24.8,
7022P_411491,Number Averaged Molecular Weight,279919,
7022P_411491,Weight Averaged Molecular Weight,322188,
7019P_411492,Mooney Viscosity,45,
7019P_411492,Mooney Stress Relaxation,1.145,
7019P_411492,Styrene_Cont,21.4,
7019P_411492,Cis_Cont,13.4,
7019P_411492,Trans_Cont,15.3,
7019P_411492,Vinyl_Cont,49.9,
7019P_411492,Glass Transition Temperature,-23.1,
7019P_411492,Number Averaged Molecular Weight,248386,
7019P_411492,Weight Averaged Molecular Weight,343234,
7022C_411493,Mooney Viscosity,49,
7022C_411493,Mooney Stress Relaxation,3.736,
7022C_411493,Styrene_Cont,20.9,
7022C_411493,Cis_Cont,13.4,
7022C_411493,Trans_Cont,15.2,
7022C_411493,Vinyl_Cont,50.5,
7022C_411493,Glass Transition Temperature,-23.9,
7022C_411493,Number Averaged Molecular Weight,170448,
7022C_411493,Weight Averaged Molecular Weight,207974,
7022E_411494,Mooney Viscosity,43,
7022E_411494,Mooney Stress Relaxation,1.265,
7022E_411494,Styrene_Cont,21.0,
7022E_411494,Cis_Cont,13.9,
7022E_411494,Trans_Cont,16.6,
7022E_411494,Vinyl_Cont,48.5,
7022E_411494,Glass Transition Temperature,-26.9,
7022E_411494,Number Averaged Molecular Weight,235005,
7022E_411494,Weight Averaged Molecular Weight,330549,
7022G_411495,Mooney Viscosity,70,
7022G_411495,Mooney Stress Relaxation,1.737,
7022G_411495,Styrene_Cont,21.0,
7022G_411495,Cis_Cont,13.7,
7022G_411495,Trans_Cont,16.0,
7022G_411495,Vinyl_Cont,49.3,
7022G_411495,Glass Transition Temperature,-24.6,
7022G_411495,Number Averaged Molecular Weight,256111,
7022G_411495,Weight Averaged Molecular Weight,288496,
7022S_411496,Mooney Viscosity,80,
7022S_411496,Mooney Stress Relaxation,0.905,
7022S_411496,Styrene_Cont,20.7,
7022S_411496,Cis_Cont,13.9,
7022S_411496,Trans_Cont,16.5,
7022S_411496,Vinyl_Cont,49.0,
7022S_411496,Glass Transition Temperature,-25.8,
7022S_411496,Number Averaged Molecular Weight,373294,
7022S_411496,Weight Averaged Molecular Weight,709747,
7024C_411497,Mooney Viscosity,55,
7024C_411497,Mooney Stress Relaxation,1.486,
7024C_411497,Styrene_Cont,21.2,
7024C_411497,Cis_Cont,13.4,
7024C_411497,Trans_Cont,15.6,
7024C_411497,Vinyl_Cont,49.8,
7024C_411497,Glass Transition Temperature,-24.5,
7024C_411497,Number Averaged Molecular Weight,262614,
7024C_411497,Weight Averaged Molecular Weight,306048,
7022P_411511,Mooney Viscosity,54,
7022P_411511,Mooney Stress Relaxation,3.333,
7022P_411511,Styrene_Cont,21.0,
7022P_411511,Cis_Cont,13.5,
7022P_411511,Trans_Cont,15.5,
7022P_411511,Vinyl_Cont,49.9,
7022P_411511,Glass Transition Temperature,-24.8,
7022P_411511,Number Averaged Molecular Weight,279919,
7022P_411511,Weight Averaged Molecular Weight,322188,
7019P_411512,Mooney Viscosity,45,
7019P_411512,Mooney Stress Relaxation,1.145,
7019P_411512,Styrene_Cont,21.4,
7019P_411512,Cis_Cont,13.4,
7019P_411512,Trans_Cont,15.3,
7019P_411512,Vinyl_Cont,49.9,
7019P_411512,Glass Transition Temperature,-23.1,
7019P_411512,Number Averaged Molecular Weight,248386,
7019P_411512,Weight Averaged Molecular Weight,343234,
7022C_411513,Mooney Viscosity,49,
7022C_411513,Mooney Stress Relaxation,3.736,
7022C_411513,Styrene_Cont,20.9,
7022C_411513,Cis_Cont,13.4,
7022C_411513,Trans_Cont,15.2,
7022C_411513,Vinyl_Cont,50.5,
7022C_411513,Glass Transition Temperature,-23.9,
7022C_411513,Number Averaged Molecular Weight,170448,
7022C_411513,Weight Averaged Molecular Weight,207974,
7022E_411514,Mooney Viscosity,43,
7022E_411514,Mooney Stress Relaxation,1.265,
7022E_411514,Styrene_Cont,21.0,
7022E_411514,Cis_Cont,13.9,
7022E_411514,Trans_Cont,16.6,
7022E_411514,Vinyl_Cont,48.5,
7022E_411514,Glass Transition Temperature,-26.9,
7022E_411514,Number Averaged Molecular Weight,235005,
7022E_411514,Weight Averaged Molecular Weight,330549,
7022G_411515,Mooney Viscosity,70,
7022G_411515,Mooney Stress Relaxation,1.737,
7022G_411515,Styrene_Cont,21.0,
7022G_411515,Cis_Cont,13.7,
7022G_411515,Trans_Cont,16.0,
7022G_411515,Vinyl_Cont,49.3,
7022G_411515,Glass Transition Temperature,-24.6,
7022G_411515,Number Averaged Molecular Weight,256111,
7022G_411515,Weight Averaged Molecular Weight,288496,
7022S_411516,Mooney Viscosity,80,
7022S_411516,Mooney Stress Relaxation,0.905,
7022S_411516,Styrene_Cont,20.7,
7022S_411516,Cis_Cont,13.9,
7022S_411516,Trans_Cont,16.5,
7022S_411516,Vinyl_Cont,49.0,
7022S_411516,Glass Transition Temperature,-25.8,
7022S_411516,Number Averaged Molecular Weight,373294,
7022S_411516,Weight Averaged Molecular Weight,709747,
7024C_411517,Mooney Viscosity,55,
7024C_411517,Mooney Stress Relaxation,1.486,
7024C_411517,Styrene_Cont,21.2,
7024C_411517,Cis_Cont,13.4,
7024C_411517,Trans_Cont,15.6,
7024C_411517,Vinyl_Cont,49.8,
7024C_411517,Glass Transition Temperature,-24.5,
7024C_411517,Number Averaged Molecular Weight,262614,
7024C_411517,Weight Averaged Molecular Weight,306048,
7022P_411531,Mooney Viscosity,54,
7022P_411531,Mooney Stress Relaxation,3.333,
7022P_411531,Styrene_Cont,21.0,
7022P_411531,Cis_Cont,13.5,
7022P_411531,Trans_Cont,15.5,
7022P_411531,Vinyl_Cont,49.9,
7022P_411531,Glass Transition Temperature,-24.8,
7022P_411531,Number Averaged Molecular Weight,279919,
7022P_411531,Weight Averaged Molecular Weight,322188,
7019U_411532,Mooney Viscosity,44,
7019U_411532,Mooney Stress Relaxation,1.279,
7019U_411532,Styrene_Cont,21.2,
7019U_411532,Cis_Cont,13.2,
7019U_411532,Trans_Cont,15.4,
7019U_411532,Vinyl_Cont,50.3,
7019U_411532,Glass Transition Temperature,-23.8,
7019U_411532,Number Averaged Molecular Weight,253128,
7019U_411532,Weight Averaged Molecular Weight,343727,
7019X_411533,Mooney Viscosity,49,
7019X_411533,Mooney Stress Relaxation,4.169,
7019X_411533,Styrene_Cont,21.4,
7019X_411533,Cis_Cont,13.4,
7019X_411533,Trans_Cont,15.4,
7019X_411533,Vinyl_Cont,49.8,
7019X_411533,Glass Transition Temperature,-22.6,
7019X_411533,Number Averaged Molecular Weight,166409,
7019X_411533,Weight Averaged Molecular Weight,205170,
7022D_411534,Mooney Viscosity,57,
7022D_411534,Mooney Stress Relaxation,1.191,
7022D_411534,Styrene_Cont,21.0,
7022D_411534,Cis_Cont,13.4,
7022D_411534,Trans_Cont,15.6,
7022D_411534,Vinyl_Cont,50.0,
7022D_411534,Glass Transition Temperature,-25.0,
7022D_411534,Number Averaged Molecular Weight,258386,
7022D_411534,Weight Averaged Molecular Weight,378848,
7022H_411535,Mooney Viscosity,74,
7022H_411535,Mooney Stress Relaxation,1.729,
7022H_411535,Styrene_Cont,20.9,
7022H_411535,Cis_Cont,13.6,
7022H_411535,Trans_Cont,15.9,
7022H_411535,Vinyl_Cont,49.5,
7022H_411535,Glass Transition Temperature,-22.7,
7022H_411535,Number Averaged Molecular Weight,266045,
7022H_411535,Weight Averaged Molecular Weight,300674,
7024D_411536,Mooney Viscosity,75,
7024D_411536,Mooney Stress Relaxation,1.061,
7024D_411536,Styrene_Cont,20.9,
7024D_411536,Cis_Cont,14.3,
7024D_411536,Trans_Cont,16.0,
7024D_411536,Vinyl_Cont,48.8,
7024D_411536,Glass Transition Temperature,-24.3,
7024D_411536,Number Averaged Molecular Weight,415630,
7024D_411536,Weight Averaged Molecular Weight,878098,
7024A_411537,Mooney Viscosity,64,
7024A_411537,Mooney Stress Relaxation,1.763,
7024A_411537,Styrene_Cont,21.2,
7024A_411537,Cis_Cont,13.3,
7024A_411537,Trans_Cont,14.9,
7024A_411537,Vinyl_Cont,50.6,
7024A_411537,Glass Transition Temperature,-25.4,
7024A_411537,Number Averaged Molecular Weight,283734,
7024A_411537,Weight Averaged Molecular Weight,323588,
7022P_411551,Mooney Viscosity,54,
7022P_411551,Mooney Stress Relaxation,3.333,
7022P_411551,Styrene_Cont,21.0,
7022P_411551,Cis_Cont,13.5,
7022P_411551,Trans_Cont,15.5,
7022P_411551,Vinyl_Cont,49.9,
7022P_411551,Glass Transition Temperature,-24.8,
7022P_411551,Number Averaged Molecular Weight,279919,
7022P_411551,Weight Averaged Molecular Weight,322188,
7019U_411552,Mooney Viscosity,44,
7019U_411552,Mooney Stress Relaxation,1.279,
7019U_411552,Styrene_Cont,21.2,
7019U_411552,Cis_Cont,13.2,
7019U_411552,Trans_Cont,15.4,
7019U_411552,Vinyl_Cont,50.3,
7019U_411552,Glass Transition Temperature,-23.8,
7019U_411552,Number Averaged Molecular Weight,253128,
7019U_411552,Weight Averaged Molecular Weight,343727,
7019X_411553,Mooney Viscosity,49,
7019X_411553,Mooney Stress Relaxation,4.169,
7019X_411553,Styrene_Cont,21.4,
7019X_411553,Cis_Cont,13.4,
7019X_411553,Trans_Cont,15.4,
7019X_411553,Vinyl_Cont,49.8,
7019X_411553,Glass Transition Temperature,-22.6,
7019X_411553,Number Averaged Molecular Weight,166409,
7019X_411553,Weight Averaged Molecular Weight,205170,
7022D_411554,Mooney Viscosity,57,
7022D_411554,Mooney Stress Relaxation,1.191,
7022D_411554,Styrene_Cont,21.0,
7022D_411554,Cis_Cont,13.4,
7022D_411554,Trans_Cont,15.6,
7022D_411554,Vinyl_Cont,50.0,
7022D_411554,Glass Transition Temperature,-25.0,
7022D_411554,Number Averaged Molecular Weight,258386,
7022D_411554,Weight Averaged Molecular Weight,378848,
7022H_411555,Mooney Viscosity,74,
7022H_411555,Mooney Stress Relaxation,1.729,
7022H_411555,Styrene_Cont,20.9,
7022H_411555,Cis_Cont,13.6,
7022H_411555,Trans_Cont,15.9,
7022H_411555,Vinyl_Cont,49.5,
7022H_411555,Glass Transition Temperature,-22.7,
7022H_411555,Number Averaged Molecular Weight,266045,
7022H_411555,Weight Averaged Molecular Weight,300674,
7024D_411556,Mooney Viscosity,75,
7024D_411556,Mooney Stress Relaxation,1.061,
7024D_411556,Styrene_Cont,20.9,
7024D_411556,Cis_Cont,14.3,
7024D_411556,Trans_Cont,16.0,
7024D_411556,Vinyl_Cont,48.8,
7024D_411556,Glass Transition Temperature,-24.3,
7024D_411556,Number Averaged Molecular Weight,415630,
7024D_411556,Weight Averaged Molecular Weight,878098,
7024A_411557,Mooney Viscosity,64,
7024A_411557,Mooney Stress Relaxation,1.763,
7024A_411557,Styrene_Cont,21.2,
7024A_411557,Cis_Cont,13.3,
7024A_411557,Trans_Cont,14.9,
7024A_411557,Vinyl_Cont,50.6,
7024A_411557,Glass Transition Temperature,-25.4,
7024A_411557,Number Averaged Molecular Weight,283734,
7024A_411557,Weight Averaged Molecular Weight,323588,
7032E_418512,Mooney Viscosity,48,
7032E_418512,Mooney Stress Relaxation,1.234,
7032E_418512,Styrene_Cont,11.2,
7032E_418512,Cis_Cont,24.0,
7032E_418512,Trans_Cont,33.4,
7032E_418512,Vinyl_Cont,31.4,
7032E_418512,Glass Transition Temperature,-60.9,
7032E_418512,Number Averaged Molecular Weight,232637,
7032E_418512,Weight Averaged Molecular Weight,438842,
7032E_418513,Mooney Viscosity,76,
7032E_418513,Mooney Stress Relaxation,0.851,
7032E_418513,Styrene_Cont,11.2,
7032E_418513,Cis_Cont,24.0,
7032E_418513,Trans_Cont,33.4,
7032E_418513,Vinyl_Cont,31.4,
7032E_418513,Glass Transition Temperature,-59.1,
7032E_418513,Number Averaged Molecular Weight,296765,
7032E_418513,Weight Averaged Molecular Weight,581980,
7032E_418514,Mooney Viscosity,78,
7032E_418514,Mooney Stress Relaxation,0.906,
7032E_418514,Styrene_Cont,11.2,
7032E_418514,Cis_Cont,24.0,
7032E_418514,Trans_Cont,33.4,
7032E_418514,Vinyl_Cont,31.4,
7032E_418514,Glass Transition Temperature,-60.4,
7032E_418514,Number Averaged Molecular Weight,262706,
7032E_418514,Weight Averaged Molecular Weight,532078,
7021G_418516,Mooney Viscosity,79,
7021G_418516,Mooney Stress Relaxation,1.034,
7021G_418516,Styrene_Cont,10.6,
7021G_418516,Cis_Cont,24.3,
7021G_418516,Trans_Cont,33.4,
7021G_418516,Vinyl_Cont,31.6,
7021G_418516,Glass Transition Temperature,-61.4,
7021G_418516,Number Averaged Molecular Weight,294884,
7021G_418516,Weight Averaged Molecular Weight,462943,
7021H_418517,Mooney Viscosity,73,
7021H_418517,Mooney Stress Relaxation,0.813,
7021H_418517,Styrene_Cont,10.5,
7021H_418517,Cis_Cont,25.0,
7021H_418517,Trans_Cont,34.0,
7021H_418517,Vinyl_Cont,30.5,
7021H_418517,Glass Transition Temperature,-63.5,
7021H_418517,Number Averaged Molecular Weight,357981,
7021H_418517,Weight Averaged Molecular Weight,565682,
7032F_418534,Mooney Viscosity,57,
7032F_418534,Mooney Stress Relaxation,1.263,
7032F_418534,Styrene_Cont,11.0,
7032F_418534,Cis_Cont,23.8,
7032F_418534,Trans_Cont,33.0,
7032F_418534,Vinyl_Cont,32.2,
7032F_418534,Glass Transition Temperature,-60.4,
7032F_418534,Number Averaged Molecular Weight,249634,
7032F_418534,Weight Averaged Molecular Weight,466838,
7032F_418535,Mooney Viscosity,91,
7032F_418535,Mooney Stress Relaxation,0.769,
7032F_418535,Styrene_Cont,11.0,
7032F_418535,Cis_Cont,23.8,
7032F_418535,Trans_Cont,33.0,
7032F_418535,Vinyl_Cont,32.2,
7032F_418535,Glass Transition Temperature,-59.7,
7032F_418535,Number Averaged Molecular Weight,314461,
7032F_418535,Weight Averaged Molecular Weight,6585011,
7032F_418536,Mooney Viscosity,111,
7032F_418536,Mooney Stress Relaxation,0.728,
7032F_418536,Styrene_Cont,11.0,
7032F_418536,Cis_Cont,23.8,
7032F_418536,Trans_Cont,33.0,
7032F_418536,Vinyl_Cont,32.2,
7032F_418536,Glass Transition Temperature,-61.1,
7032F_418536,Number Averaged Molecular Weight,325311,
7032F_418536,Weight Averaged Molecular Weight,667608,
7032N_427776,Mooney Viscosity,94,
7032N_427776,Mooney Stress Relaxation,0.873,
7032N_427776,Styrene_Cont,11.3,
7032N_427776,Cis_Cont,25.7,
7032N_427776,Trans_Cont,33.4,
7032N_427776,Vinyl_Cont,29.6,
7032N_427776,Glass Transition Temperature,-60.1,
7032N_427776,Number Averaged Molecular Weight,280000,
7032N_427776,Weight Averaged Molecular Weight,451000,
7032O_427777,Mooney Viscosity,76,
7032O_427777,Mooney Stress Relaxation,0.94,
7032O_427777,Styrene_Cont,11.4,
7032O_427777,Cis_Cont,26.0,
7032O_427777,Trans_Cont,33.0,
7032O_427777,Vinyl_Cont,29.6,
7032O_427777,Glass Transition Temperature,-59.7,
7032O_427777,Number Averaged Molecular Weight,240000,
7032O_427777,Weight Averaged Molecular Weight,320000,
7039Z_428661,Mooney Viscosity,59,
7039Z_428661,Mooney Stress Relaxation,2.389,
7039Z_428661,Styrene_Cont,20.2,
7039Z_428661,Cis_Cont,13.8,
7039Z_428661,Trans_Cont,16.2,
7039Z_428661,Vinyl_Cont,49.8,
7039Z_428661,Glass Transition Temperature,-24.6,
7039Z_428661,Number Averaged Molecular Weight,292879,
7039Z_428661,Weight Averaged Molecular Weight,338836,
7039M_428662,Mooney Viscosity,76,
7039M_428662,Mooney Stress Relaxation,1.631,
7039M_428662,Styrene_Cont,21.2,
7039M_428662,Cis_Cont,13.5,
7039M_428662,Trans_Cont,16.4,
7039M_428662,Vinyl_Cont,48.9,
7039M_428662,Glass Transition Temperature,-24.1,
7039M_428662,Number Averaged Molecular Weight,262852,
7039M_428662,Weight Averaged Molecular Weight,317948,
7039O_428663,Mooney Viscosity,86,
7039O_428663,Mooney Stress Relaxation,1.045,
7039O_428663,Styrene_Cont,21.2,
7039O_428663,Cis_Cont,13.0,
7039O_428663,Trans_Cont,15.7,
7039O_428663,Vinyl_Cont,50.1,
7039O_428663,Glass Transition Temperature,-23.0,
7039O_428663,Number Averaged Molecular Weight,258623,
7039O_428663,Weight Averaged Molecular Weight,538669,
7039P_428664,Mooney Viscosity,95,
7039P_428664,Mooney Stress Relaxation,0.95,
7039P_428664,Styrene_Cont,20.8,
7039P_428664,Cis_Cont,13.6,
7039P_428664,Trans_Cont,15.8,
7039P_428664,Vinyl_Cont,49.8,
7039P_428664,Glass Transition Temperature,-23.2,
7039P_428664,Number Averaged Molecular Weight,314526,
7039P_428664,Weight Averaged Molecular Weight,563211,
7039Z_428665,Mooney Viscosity,59,
7039Z_428665,Mooney Stress Relaxation,2.389,
7039Z_428665,Styrene_Cont,20.2,
7039Z_428665,Cis_Cont,13.8,
7039Z_428665,Trans_Cont,16.2,
7039Z_428665,Vinyl_Cont,49.8,
7039Z_428665,Glass Transition Temperature,-24.6,
7039Z_428665,Number Averaged Molecular Weight,292879,
7039Z_428665,Weight Averaged Molecular Weight,338836,
7039S_428666,Mooney Viscosity,86,
7039S_428666,Mooney Stress Relaxation,1.217,
7039S_428666,Styrene_Cont,20.6,
7039S_428666,Cis_Cont,13.6,
7039S_428666,Trans_Cont,15.9,
7039S_428666,Vinyl_Cont,49.8,
7039S_428666,Glass Transition Temperature,-21.5,
7039S_428666,Number Averaged Molecular Weight,258134,
7039S_428666,Weight Averaged Molecular Weight,501509,
7039V_428667,Mooney Viscosity,77,
7039V_428667,Mooney Stress Relaxation,1.573,
7039V_428667,Styrene_Cont,20.7,
7039V_428667,Cis_Cont,13.3,
7039V_428667,Trans_Cont,15.3,
7039V_428667,Vinyl_Cont,50.6,
7039V_428667,Glass Transition Temperature,-23.0,
7039V_428667,Number Averaged Molecular Weight,241818,
7039V_428667,Weight Averaged Molecular Weight,338800,
7039T_428668,Mooney Viscosity,89,
7039T_428668,Mooney Stress Relaxation,1.144,
7039T_428668,Styrene_Cont,21.1,
7039T_428668,Cis_Cont,13.4,
7039T_428668,Trans_Cont,15.5,
7039T_428668,Vinyl_Cont,50.1,
7039T_428668,Glass Transition Temperature,-22.6,
7039T_428668,Number Averaged Molecular Weight,318257,
7039T_428668,Weight Averaged Molecular Weight,555726,
7039Z_431271,Mooney Viscosity,59,
7039Z_431271,Mooney Stress Relaxation,2.389,
7039Z_431271,Styrene_Cont,20.2,
7039Z_431271,Cis_Cont,13.8,
7039Z_431271,Trans_Cont,16.2,
7039Z_431271,Vinyl_Cont,49.8,
7039Z_431271,Glass Transition Temperature,-24.6,
7039Z_431271,Number Averaged Molecular Weight,292879,
7039Z_431271,Weight Averaged Molecular Weight,338836,
7039M_431272,Mooney Viscosity,76,
7039M_431272,Mooney Stress Relaxation,1.631,
7039M_431272,Styrene_Cont,21.2,
7039M_431272,Cis_Cont,13.5,
7039M_431272,Trans_Cont,16.4,
7039M_431272,Vinyl_Cont,48.9,
7039M_431272,Glass Transition Temperature,-24.1,
7039M_431272,Number Averaged Molecular Weight,262852,
7039M_431272,Weight Averaged Molecular Weight,317948,
7039O_431273,Mooney Viscosity,86,
7039O_431273,Mooney Stress Relaxation,1.045,
7039O_431273,Styrene_Cont,21.2,
7039O_431273,Cis_Cont,13.0,
7039O_431273,Trans_Cont,15.7,
7039O_431273,Vinyl_Cont,50.1,
7039O_431273,Glass Transition Temperature,-23.0,
7039O_431273,Number Averaged Molecular Weight,258623,
7039O_431273,Weight Averaged Molecular Weight,538669,
7039P_431274,Mooney Viscosity,95,
7039P_431274,Mooney Stress Relaxation,0.95,
7039P_431274,Styrene_Cont,20.8,
7039P_431274,Cis_Cont,13.6,
7039P_431274,Trans_Cont,15.8,
7039P_431274,Vinyl_Cont,49.8,
7039P_431274,Glass Transition Temperature,-23.2,
7039P_431274,Number Averaged Molecular Weight,314526,
7039P_431274,Weight Averaged Molecular Weight,563211,
7039Z_431275,Mooney Viscosity,59,
7039Z_431275,Mooney Stress Relaxation,2.389,
7039Z_431275,Styrene_Cont,20.2,
7039Z_431275,Cis_Cont,13.8,
7039Z_431275,Trans_Cont,16.2,
7039Z_431275,Vinyl_Cont,49.8,
7039Z_431275,Glass Transition Temperature,-24.6,
7039Z_431275,Number Averaged Molecular Weight,292879,
7039Z_431275,Weight Averaged Molecular Weight,338836,
7039T_431276,Mooney Viscosity,89,
7039T_431276,Mooney Stress Relaxation,1.144,
7039T_431276,Styrene_Cont,21.1,
7039T_431276,Cis_Cont,13.4,
7039T_431276,Trans_Cont,15.5,
7039T_431276,Vinyl_Cont,50.1,
7039T_431276,Glass Transition Temperature,-22.6,
7039T_431276,Number Averaged Molecular Weight,318257,
7039T_431276,Weight Averaged Molecular Weight,555726,
7039S_431277,Mooney Viscosity,86,
7039S_431277,Mooney Stress Relaxation,1.217,
7039S_431277,Styrene_Cont,20.6,
7039S_431277,Cis_Cont,13.6,
7039S_431277,Trans_Cont,15.9,
7039S_431277,Vinyl_Cont,49.8,
7039S_431277,Glass Transition Temperature,-21.5,
7039S_431277,Number Averaged Molecular Weight,258134,
7039S_431277,Weight Averaged Molecular Weight,501509,
7039V_431278,Mooney Viscosity,77,
7039V_431278,Mooney Stress Relaxation,1.573,
7039V_431278,Styrene_Cont,20.7,
7039V_431278,Cis_Cont,13.3,
7039V_431278,Trans_Cont,15.3,
7039V_431278,Vinyl_Cont,50.6,
7039V_431278,Glass Transition Temperature,-23.0,
7039V_431278,Number Averaged Molecular Weight,241818,
7039V_431278,Weight Averaged Molecular Weight,338800,
7045X_432251,Mooney Viscosity,62,
7045X_432251,Mooney Stress Relaxation,1.768,
7045X_432251,Styrene_Cont,0.0,
7045X_432251,Cis_Cont,0.0,
7045X_432251,Trans_Cont,0.0,
7045X_432251,Vinyl_Cont,0.0,
7045X_432251,Glass Transition Temperature,-24.3,
7045X_432251,Number Averaged Molecular Weight,274287,
7045X_432251,Weight Averaged Molecular Weight,345253,
7046C_432252,Mooney Viscosity,71,
7046C_432252,Mooney Stress Relaxation,1.656,
7046C_432252,Styrene_Cont,0.0,
7046C_432252,Cis_Cont,0.0,
7046C_432252,Trans_Cont,0.0,
7046C_432252,Vinyl_Cont,0.0,
7046C_432252,Glass Transition Temperature,-24.7,
7046C_432252,Number Averaged Molecular Weight,254913,
7046C_432252,Weight Averaged Molecular Weight,318306,
7046A_432253,Mooney Viscosity,76,
7046A_432253,Mooney Stress Relaxation,1.461,
7046A_432253,Styrene_Cont,0.0,
7046A_432253,Cis_Cont,0.0,
7046A_432253,Trans_Cont,0.0,
7046A_432253,Vinyl_Cont,0.0,
7046A_432253,Glass Transition Temperature,-22.5,
7046A_432253,Number Averaged Molecular Weight,266918,
7046A_432253,Weight Averaged Molecular Weight,318493,
7046B_432254,Mooney Viscosity,76,
7046B_432254,Mooney Stress Relaxation,1.428,
7046B_432254,Styrene_Cont,0.0,
7046B_432254,Cis_Cont,0.0,
7046B_432254,Trans_Cont,0.0,
7046B_432254,Vinyl_Cont,0.0,
7046B_432254,Glass Transition Temperature,-23.4,
7046B_432254,Number Averaged Molecular Weight,262490,
7046B_432254,Weight Averaged Molecular Weight,323590,
7045X_432255,Mooney Viscosity,62,
7045X_432255,Mooney Stress Relaxation,1.768,
7045X_432255,Styrene_Cont,0.0,
7045X_432255,Cis_Cont,0.0,
7045X_432255,Trans_Cont,0.0,
7045X_432255,Vinyl_Cont,0.0,
7045X_432255,Glass Transition Temperature,-24.3,
7045X_432255,Number Averaged Molecular Weight,274287,
7045X_432255,Weight Averaged Molecular Weight,345253,
7046B_432256,Mooney Viscosity,76,
7046B_432256,Mooney Stress Relaxation,1.428,
7046B_432256,Styrene_Cont,0.0,
7046B_432256,Cis_Cont,0.0,
7046B_432256,Trans_Cont,0.0,
7046B_432256,Vinyl_Cont,0.0,
7046B_432256,Glass Transition Temperature,-23.4,
7046B_432256,Number Averaged Molecular Weight,262490,
7046B_432256,Weight Averaged Molecular Weight,323590,
7046A_432257,Mooney Viscosity,76,
7046A_432257,Mooney Stress Relaxation,1.461,
7046A_432257,Styrene_Cont,0.0,
7046A_432257,Cis_Cont,0.0,
7046A_432257,Trans_Cont,0.0,
7046A_432257,Vinyl_Cont,0.0,
7046A_432257,Glass Transition Temperature,-22.5,
7046A_432257,Number Averaged Molecular Weight,266918,
7046A_432257,Weight Averaged Molecular Weight,318493,
7046C_432258,Mooney Viscosity,71,
7046C_432258,Mooney Stress Relaxation,1.656,
7046C_432258,Styrene_Cont,0.0,
7046C_432258,Cis_Cont,0.0,
7046C_432258,Trans_Cont,0.0,
7046C_432258,Vinyl_Cont,0.0,
7046C_432258,Glass Transition Temperature,-24.7,
7046C_432258,Number Averaged Molecular Weight,254913,
7046C_432258,Weight Averaged Molecular Weight,318306,
7042O_432581,Mooney Viscosity,58,
7042O_432581,Mooney Stress Relaxation,1.215,
7042O_432581,Styrene_Cont,20.6,
7042O_432581,Cis_Cont,13.4,
7042O_432581,Trans_Cont,15.2,
7042O_432581,Vinyl_Cont,50.8,
7042O_432581,Glass Transition Temperature,-22.4,
7042O_432581,Number Averaged Molecular Weight,243990,
7042O_432581,Weight Averaged Molecular Weight,401726,
7044B_432582,Mooney Viscosity,50,
7044B_432582,Mooney Stress Relaxation,3.209,
7044B_432582,Styrene_Cont,21.1,
7044B_432582,Cis_Cont,13.3,
7044B_432582,Trans_Cont,15.3,
7044B_432582,Vinyl_Cont,50.2,
7044B_432582,Glass Transition Temperature,-21.2,
7044B_432582,Number Averaged Molecular Weight,233277,
7044B_432582,Weight Averaged Molecular Weight,319130,
7044D_432583,Mooney Viscosity,91,
7044D_432583,Mooney Stress Relaxation,1.212,
7044D_432583,Styrene_Cont,21.2,
7044D_432583,Cis_Cont,13.1,
7044D_432583,Trans_Cont,14.7,
7044D_432583,Vinyl_Cont,51.0,
7044D_432583,Glass Transition Temperature,-21.9,
7044D_432583,Number Averaged Molecular Weight,263149,
7044D_432583,Weight Averaged Molecular Weight,366481,
7044C_432584,Mooney Viscosity,79,
7044C_432584,Mooney Stress Relaxation,1.423,
7044C_432584,Styrene_Cont,21.1,
7044C_432584,Cis_Cont,13.4,
7044C_432584,Trans_Cont,15.4,
7044C_432584,Vinyl_Cont,50.1,
7044C_432584,Glass Transition Temperature,-22.9,
7044C_432584,Number Averaged Molecular Weight,243222,
7044C_432584,Weight Averaged Molecular Weight,329900,
7042O_432585,Mooney Viscosity,58,
7042O_432585,Mooney Stress Relaxation,1.215,
7042O_432585,Styrene_Cont,20.6,
7042O_432585,Cis_Cont,13.4,
7042O_432585,Trans_Cont,15.2,
7042O_432585,Vinyl_Cont,50.8,
7042O_432585,Glass Transition Temperature,-22.4,
7042O_432585,Number Averaged Molecular Weight,243990,
7042O_432585,Weight Averaged Molecular Weight,401726,
7039W_432586,Mooney Viscosity,59,
7039W_432586,Mooney Stress Relaxation,3.006,
7039W_432586,Styrene_Cont,20.9,
7039W_432586,Cis_Cont,13.2,
7039W_432586,Trans_Cont,15.1,
7039W_432586,Vinyl_Cont,50.8,
7039W_432586,Glass Transition Temperature,-21.4,
7039W_432586,Number Averaged Molecular Weight,241497,
7039W_432586,Weight Averaged Molecular Weight,341600,
7044A_432587,Mooney Viscosity,70,
7044A_432587,Mooney Stress Relaxation,1.173,
7044A_432587,Styrene_Cont,21.0,
7044A_432587,Cis_Cont,13.5,
7044A_432587,Trans_Cont,15.8,
7044A_432587,Vinyl_Cont,49.7,
7044A_432587,Glass Transition Temperature,-23.7,
7044A_432587,Number Averaged Molecular Weight,241506,
7044A_432587,Weight Averaged Molecular Weight,318086,
7039X_432588,Mooney Viscosity,64,
7039X_432588,Mooney Stress Relaxation,1.81,
7039X_432588,Styrene_Cont,21.0,
7039X_432588,Cis_Cont,13.5,
7039X_432588,Trans_Cont,15.6,
7039X_432588,Vinyl_Cont,50.0,
7039X_432588,Glass Transition Temperature,-20.7,
7039X_432588,Number Averaged Molecular Weight,242587,
7039X_432588,Weight Averaged Molecular Weight,307195,
7040N_433112,Mooney Viscosity,64,
7040N_433112,Mooney Stress Relaxation,1.19,
7040N_433112,Styrene_Cont,20.6,
7040N_433112,Cis_Cont,12.8,
7040N_433112,Trans_Cont,16.8,
7040N_433112,Vinyl_Cont,49.8,
7040N_433112,Glass Transition Temperature,0.0,
7040N_433112,Number Averaged Molecular Weight,247000,
7040N_433112,Weight Averaged Molecular Weight,426000,
7040P_433113,Mooney Viscosity,70,
7040P_433113,Mooney Stress Relaxation,0.891,
7040P_433113,Styrene_Cont,20.8,
7040P_433113,Cis_Cont,12.5,
7040P_433113,Trans_Cont,15.4,
7040P_433113,Vinyl_Cont,51.3,
7040P_433113,Glass Transition Temperature,0.0,
7040P_433113,Number Averaged Molecular Weight,199000,
7040P_433113,Weight Averaged Molecular Weight,528000,
7040O_433116,Mooney Viscosity,68,
7040O_433116,Mooney Stress Relaxation,1.22,
7040O_433116,Styrene_Cont,20.4,
7040O_433116,Cis_Cont,13.0,
7040O_433116,Trans_Cont,16.0,
7040O_433116,Vinyl_Cont,50.6,
7040O_433116,Glass Transition Temperature,0.0,
7040O_433116,Number Averaged Molecular Weight,231000,
7040O_433116,Weight Averaged Molecular Weight,452000,
7040Q_433117,Mooney Viscosity,61,
7040Q_433117,Mooney Stress Relaxation,1.0,
7040Q_433117,Styrene_Cont,20.7,
7040Q_433117,Cis_Cont,12.8,
7040Q_433117,Trans_Cont,15.1,
7040Q_433117,Vinyl_Cont,51.4,
7040Q_433117,Glass Transition Temperature,0.0,
7040Q_433117,Number Averaged Molecular Weight,190000,
7040Q_433117,Weight Averaged Molecular Weight,459000,
7050G_438551,Mooney Viscosity,74,
7050G_438551,Mooney Stress Relaxation,1.109,
7050G_438551,Styrene_Cont,0.0,
7050G_438551,Cis_Cont,0.0,
7050G_438551,Trans_Cont,0.0,
7050G_438551,Vinyl_Cont,0.0,
7050G_438551,Glass Transition Temperature,0.0,
7050G_438551,Number Averaged Molecular Weight,192317,
7050G_438551,Weight Averaged Molecular Weight,414426,
7048U_438552,Mooney Viscosity,69,
7048U_438552,Mooney Stress Relaxation,0.966,
7048U_438552,Styrene_Cont,21.1,
7048U_438552,Cis_Cont,13.4,
7048U_438552,Trans_Cont,15.5,
7048U_438552,Vinyl_Cont,50.0,
7048U_438552,Glass Transition Temperature,-22.7,
7048U_438552,Number Averaged Molecular Weight,276523,
7048U_438552,Weight Averaged Molecular Weight,514784,
7050D_438553,Mooney Viscosity,78,
7050D_438553,Mooney Stress Relaxation,1.462,
7050D_438553,Styrene_Cont,21.1,
7050D_438553,Cis_Cont,13.4,
7050D_438553,Trans_Cont,15.3,
7050D_438553,Vinyl_Cont,50.2,
7050D_438553,Glass Transition Temperature,-19.9,
7050D_438553,Number Averaged Molecular Weight,239095,
7050D_438553,Weight Averaged Molecular Weight,307878,
7050H_438554,Mooney Viscosity,78,
7050H_438554,Mooney Stress Relaxation,0.987,
7050H_438554,Styrene_Cont,0.0,
7050H_438554,Cis_Cont,0.0,
7050H_438554,Trans_Cont,0.0,
7050H_438554,Vinyl_Cont,0.0,
7050H_438554,Glass Transition Temperature,-22.1,
7050H_438554,Number Averaged Molecular Weight,294475,
7050H_438554,Weight Averaged Molecular Weight,1327310,
7048V_438555,Mooney Viscosity,93,
7048V_438555,Mooney Stress Relaxation,0.941,
7048V_438555,Styrene_Cont,21.1,
7048V_438555,Cis_Cont,13.4,
7048V_438555,Trans_Cont,15.4,
7048V_438555,Vinyl_Cont,50.1,
7048V_438555,Glass Transition Temperature,-20.8,
7048V_438555,Number Averaged Molecular Weight,272009,
7048V_438555,Weight Averaged Molecular Weight,480347,
7041V_438556,Mooney Viscosity,71,
7041V_438556,Mooney Stress Relaxation,0.981,
7041V_438556,Styrene_Cont,22.0,
7041V_438556,Cis_Cont,13.0,
7041V_438556,Trans_Cont,14.9,
7041V_438556,Vinyl_Cont,50.1,
7041V_438556,Glass Transition Temperature,-23.8,
7041V_438556,Number Averaged Molecular Weight,326519,
7041V_438556,Weight Averaged Molecular Weight,2760690,
7050G_438557,Mooney Viscosity,74,
7050G_438557,Mooney Stress Relaxation,1.109,
7050G_438557,Styrene_Cont,0.0,
7050G_438557,Cis_Cont,0.0,
7050G_438557,Trans_Cont,0.0,
7050G_438557,Vinyl_Cont,0.0,
7050G_438557,Glass Transition Temperature,0.0,
7050G_438557,Number Averaged Molecular Weight,192317,
7050G_438557,Weight Averaged Molecular Weight,414426,
7050H_438558,Mooney Viscosity,78,
7050H_438558,Mooney Stress Relaxation,0.987,
7050H_438558,Styrene_Cont,0.0,
7050H_438558,Cis_Cont,0.0,
7050H_438558,Trans_Cont,0.0,
7050H_438558,Vinyl_Cont,0.0,
7050H_438558,Glass Transition Temperature,-22.1,
7050H_438558,Number Averaged Molecular Weight,294475,
7050H_438558,Weight Averaged Molecular Weight,1327310,
7052L_443132,Mooney Viscosity,82,
7052L_443132,Mooney Stress Relaxation,0.842,
7052L_443132,Styrene_Cont,0.0,
7052L_443132,Cis_Cont,0.0,
7052L_443132,Trans_Cont,0.0,
7052L_443132,Vinyl_Cont,0.0,
7052L_443132,Glass Transition Temperature,-21.1,
7052L_443132,Number Averaged Molecular Weight,342487,
7052L_443132,Weight Averaged Molecular Weight,743384,
7052M_443133,Mooney Viscosity,78,
7052M_443133,Mooney Stress Relaxation,0.895,
7052M_443133,Styrene_Cont,0.0,
7052M_443133,Cis_Cont,0.0,
7052M_443133,Trans_Cont,0.0,
7052M_443133,Vinyl_Cont,0.0,
7052M_443133,Glass Transition Temperature,-21.1,
7052M_443133,Number Averaged Molecular Weight,332220,
7052M_443133,Weight Averaged Molecular Weight,645603,
7052N_443134,Mooney Viscosity,84,
7052N_443134,Mooney Stress Relaxation,1.556,
7052N_443134,Styrene_Cont,0.0,
7052N_443134,Cis_Cont,0.0,
7052N_443134,Trans_Cont,0.0,
7052N_443134,Vinyl_Cont,0.0,
7052N_443134,Glass Transition Temperature,-21.1,
7052N_443134,Number Averaged Molecular Weight,276490,
7052N_443134,Weight Averaged Molecular Weight,337198,
7052O_443136,Mooney Viscosity,74,
7052O_443136,Mooney Stress Relaxation,0.955,
7052O_443136,Styrene_Cont,0.0,
7052O_443136,Cis_Cont,0.0,
7052O_443136,Trans_Cont,0.0,
7052O_443136,Vinyl_Cont,0.0,
7052O_443136,Glass Transition Temperature,-20.8,
7052O_443136,Number Averaged Molecular Weight,275293,
7052O_443136,Weight Averaged Molecular Weight,583372,
7052P_443137,Mooney Viscosity,89,
7052P_443137,Mooney Stress Relaxation,1.203,
7052P_443137,Styrene_Cont,0.0,
7052P_443137,Cis_Cont,0.0,
7052P_443137,Trans_Cont,0.0,
7052P_443137,Vinyl_Cont,0.0,
7052P_443137,Glass Transition Temperature,-20.4,
7052P_443137,Number Averaged Molecular Weight,253138,
7052P_443137,Weight Averaged Molecular Weight,362338,
7052Q_443138,Mooney Viscosity,87,
7052Q_443138,Mooney Stress Relaxation,1.019,
7052Q_443138,Styrene_Cont,0.0,
7052Q_443138,Cis_Cont,0.0,
7052Q_443138,Trans_Cont,0.0,
7052Q_443138,Vinyl_Cont,0.0,
7052Q_443138,Glass Transition Temperature,-22.1,
7052Q_443138,Number Averaged Molecular Weight,278751,
7052Q_443138,Weight Averaged Molecular Weight,502726,
7053I_444501,Mooney Viscosity,95,
7053I_444501,Mooney Stress Relaxation,1.154,
7053I_444501,Styrene_Cont,21.2,
7053I_444501,Cis_Cont,13.9,
7053I_444501,Trans_Cont,16.8,
7053I_444501,Vinyl_Cont,48.1,
7053I_444501,Glass Transition Temperature,-24.1,
7053I_444501,Number Averaged Molecular Weight,176983,
7053I_444501,Weight Averaged Molecular Weight,360033,
7056F_444502,Mooney Viscosity,79,
7056F_444502,Mooney Stress Relaxation,1.22,
7056F_444502,Styrene_Cont,21.1,
7056F_444502,Cis_Cont,13.6,
7056F_444502,Trans_Cont,16.0,
7056F_444502,Vinyl_Cont,49.3,
7056F_444502,Glass Transition Temperature,0.0,
7056F_444502,Number Averaged Molecular Weight,240629,
7056F_444502,Weight Averaged Molecular Weight,341934,
7056H_444503,Mooney Viscosity,92,
7056H_444503,Mooney Stress Relaxation,1.116,
7056H_444503,Styrene_Cont,21.3,
7056H_444503,Cis_Cont,13.8,
7056H_444503,Trans_Cont,16.5,
7056H_444503,Vinyl_Cont,48.4,
7056H_444503,Glass Transition Temperature,0.0,
7056H_444503,Number Averaged Molecular Weight,228289,
7056H_444503,Weight Averaged Molecular Weight,343279,
7056G_444504,Mooney Viscosity,76,
7056G_444504,Mooney Stress Relaxation,1.401,
7056G_444504,Styrene_Cont,21.3,
7056G_444504,Cis_Cont,13.6,
7056G_444504,Trans_Cont,16.1,
7056G_444504,Vinyl_Cont,49.0,
7056G_444504,Glass Transition Temperature,0.0,
7056G_444504,Number Averaged Molecular Weight,247390,
7056G_444504,Weight Averaged Molecular Weight,331869,
7053I_444505,Mooney Viscosity,95,
7053I_444505,Mooney Stress Relaxation,1.154,
7053I_444505,Styrene_Cont,21.2,
7053I_444505,Cis_Cont,13.9,
7053I_444505,Trans_Cont,16.8,
7053I_444505,Vinyl_Cont,48.1,
7053I_444505,Glass Transition Temperature,-24.1,
7053I_444505,Number Averaged Molecular Weight,176983,
7053I_444505,Weight Averaged Molecular Weight,360033,
7056H_444506,Mooney Viscosity,92,
7056H_444506,Mooney Stress Relaxation,1.116,
7056H_444506,Styrene_Cont,21.3,
7056H_444506,Cis_Cont,13.8,
7056H_444506,Trans_Cont,16.5,
7056H_444506,Vinyl_Cont,48.4,
7056H_444506,Glass Transition Temperature,0.0,
7056H_444506,Number Averaged Molecular Weight,228289,
7056H_444506,Weight Averaged Molecular Weight,343279,
7056G_444507,Mooney Viscosity,76,
7056G_444507,Mooney Stress Relaxation,1.401,
7056G_444507,Styrene_Cont,21.3,
7056G_444507,Cis_Cont,13.6,
7056G_444507,Trans_Cont,16.1,
7056G_444507,Vinyl_Cont,49.0,
7056G_444507,Glass Transition Temperature,0.0,
7056G_444507,Number Averaged Molecular Weight,247390,
7056G_444507,Weight Averaged Molecular Weight,331869,
7056F_444508,Mooney Viscosity,79,
7056F_444508,Mooney Stress Relaxation,1.22,
7056F_444508,Styrene_Cont,21.1,
7056F_444508,Cis_Cont,13.6,
7056F_444508,Trans_Cont,16.0,
7056F_444508,Vinyl_Cont,49.3,
7056F_444508,Glass Transition Temperature,0.0,
7056F_444508,Number Averaged Molecular Weight,240629,
7056F_444508,Weight Averaged Molecular Weight,341934,
7053W_445302,Mooney Viscosity,83,
7053W_445302,Mooney Stress Relaxation,0.743,
7053W_445302,Styrene_Cont,21.3,
7053W_445302,Cis_Cont,13.3,
7053W_445302,Trans_Cont,15.5,
7053W_445302,Vinyl_Cont,49.9,
7053W_445302,Glass Transition Temperature,-24.4,
7053W_445302,Number Averaged Molecular Weight,323623,
7053W_445302,Weight Averaged Molecular Weight,665635,
7053P_445303,Mooney Viscosity,87,
7053P_445303,Mooney Stress Relaxation,1.177,
7053P_445303,Styrene_Cont,21.2,
7053P_445303,Cis_Cont,13.2,
7053P_445303,Trans_Cont,15.0,
7053P_445303,Vinyl_Cont,50.6,
7053P_445303,Glass Transition Temperature,-20.6,
7053P_445303,Number Averaged Molecular Weight,246637,
7053P_445303,Weight Averaged Molecular Weight,365966,
7053Q_445304,Mooney Viscosity,97,
7053Q_445304,Mooney Stress Relaxation,0.9,
7053Q_445304,Styrene_Cont,21.2,
7053Q_445304,Cis_Cont,13.4,
7053Q_445304,Trans_Cont,15.5,
7053Q_445304,Vinyl_Cont,49.9,
7053Q_445304,Glass Transition Temperature,-21.7,
7053Q_445304,Number Averaged Molecular Weight,302162,
7053Q_445304,Weight Averaged Molecular Weight,535088,
7053O_445306,Mooney Viscosity,73,
7053O_445306,Mooney Stress Relaxation,1.296,
7053O_445306,Styrene_Cont,21.3,
7053O_445306,Cis_Cont,13.5,
7053O_445306,Trans_Cont,15.9,
7053O_445306,Vinyl_Cont,49.3,
7053O_445306,Glass Transition Temperature,-22.3,
7053O_445306,Number Averaged Molecular Weight,270669,
7053O_445306,Weight Averaged Molecular Weight,316737,
7053T_445307,Mooney Viscosity,80,
7053T_445307,Mooney Stress Relaxation,0.993,
7053T_445307,Styrene_Cont,22.1,
7053T_445307,Cis_Cont,13.2,
7053T_445307,Trans_Cont,15.2,
7053T_445307,Vinyl_Cont,49.5,
7053T_445307,Glass Transition Temperature,-22.8,
7053T_445307,Number Averaged Molecular Weight,297319,
7053T_445307,Weight Averaged Molecular Weight,543128,
7053V_445308,Mooney Viscosity,99,
7053V_445308,Mooney Stress Relaxation,0.908,
7053V_445308,Styrene_Cont,21.3,
7053V_445308,Cis_Cont,13.3,
7053V_445308,Trans_Cont,15.5,
7053V_445308,Vinyl_Cont,49.9,
7053V_445308,Glass Transition Temperature,-21.9,
7053V_445308,Number Averaged Molecular Weight,292577,
7053V_445308,Weight Averaged Molecular Weight,556120,
7053S_445602,Mooney Viscosity,83,
7053S_445602,Mooney Stress Relaxation,0.881,
7053S_445602,Styrene_Cont,21.1,
7053S_445602,Cis_Cont,13.6,
7053S_445602,Trans_Cont,15.9,
7053S_445602,Vinyl_Cont,49.4,
7053S_445602,Glass Transition Temperature,-22.4,
7053S_445602,Number Averaged Molecular Weight,329635,
7053S_445602,Weight Averaged Molecular Weight,608554,
7053O_445603,Mooney Viscosity,73,
7053O_445603,Mooney Stress Relaxation,1.296,
7053O_445603,Styrene_Cont,21.3,
7053O_445603,Cis_Cont,13.5,
7053O_445603,Trans_Cont,15.9,
7053O_445603,Vinyl_Cont,49.3,
7053O_445603,Glass Transition Temperature,-22.3,
7053O_445603,Number Averaged Molecular Weight,270669,
7053O_445603,Weight Averaged Molecular Weight,316737,
7053U_445604,Mooney Viscosity,84,
7053U_445604,Mooney Stress Relaxation,0.948,
7053U_445604,Styrene_Cont,20.9,
7053U_445604,Cis_Cont,13.4,
7053U_445604,Trans_Cont,15.5,
7053U_445604,Vinyl_Cont,50.2,
7053U_445604,Glass Transition Temperature,-22.9,
7053U_445604,Number Averaged Molecular Weight,330094,
7053U_445604,Weight Averaged Molecular Weight,617283,
7053P_445606,Mooney Viscosity,87,
7053P_445606,Mooney Stress Relaxation,1.177,
7053P_445606,Styrene_Cont,21.2,
7053P_445606,Cis_Cont,13.2,
7053P_445606,Trans_Cont,15.0,
7053P_445606,Vinyl_Cont,50.6,
7053P_445606,Glass Transition Temperature,-20.6,
7053P_445606,Number Averaged Molecular Weight,246637,
7053P_445606,Weight Averaged Molecular Weight,365966,
7053R_445607,Mooney Viscosity,88,
7053R_445607,Mooney Stress Relaxation,0.87,
7053R_445607,Styrene_Cont,21.6,
7053R_445607,Cis_Cont,13.7,
7053R_445607,Trans_Cont,16.3,
7053R_445607,Vinyl_Cont,48.4,
7053R_445607,Glass Transition Temperature,-23.4,
7053R_445607,Number Averaged Molecular Weight,311059,
7053R_445607,Weight Averaged Molecular Weight,545034,
7053W_445608,Mooney Viscosity,83,
7053W_445608,Mooney Stress Relaxation,0.743,
7053W_445608,Styrene_Cont,21.3,
7053W_445608,Cis_Cont,13.3,
7053W_445608,Trans_Cont,15.5,
7053W_445608,Vinyl_Cont,49.9,
7053W_445608,Glass Transition Temperature,-24.4,
7053W_445608,Number Averaged Molecular Weight,323623,
7053W_445608,Weight Averaged Molecular Weight,665635,
7054P_447561,Mooney Viscosity,64,
7054P_447561,Mooney Stress Relaxation,1.75,
7054P_447561,Styrene_Cont,21.7,
7054P_447561,Cis_Cont,13.0,
7054P_447561,Trans_Cont,14.8,
7054P_447561,Vinyl_Cont,50.4,
7054P_447561,Glass Transition Temperature,-21.5,
7054P_447561,Number Averaged Molecular Weight,249580,
7054P_447561,Weight Averaged Molecular Weight,309310,
7057A_447561,Mooney Viscosity,67,
7057A_447561,Mooney Stress Relaxation,1.829,
7057A_447561,Styrene_Cont,21.7,
7057A_447561,Cis_Cont,13.0,
7057A_447561,Trans_Cont,14.7,
7057A_447561,Vinyl_Cont,50.7,
7057A_447561,Glass Transition Temperature,-21.5,
7057A_447561,Number Averaged Molecular Weight,243178,
7057A_447561,Weight Averaged Molecular Weight,301338,
7054W_447562,Mooney Viscosity,88,
7054W_447562,Mooney Stress Relaxation,1.555,
7054W_447562,Styrene_Cont,21.4,
7054W_447562,Cis_Cont,12.5,
7054W_447562,Trans_Cont,13.4,
7054W_447562,Vinyl_Cont,52.6,
7054W_447562,Glass Transition Temperature,-16.6,
7054W_447562,Number Averaged Molecular Weight,247125,
7054W_447562,Weight Averaged Molecular Weight,355459,
7057D_447562,Mooney Viscosity,79,
7057D_447562,Mooney Stress Relaxation,1.487,
7057D_447562,Styrene_Cont,21.7,
7057D_447562,Cis_Cont,12.7,
7057D_447562,Trans_Cont,14.0,
7057D_447562,Vinyl_Cont,51.6,
7057D_447562,Glass Transition Temperature,-16.9,
7057D_447562,Number Averaged Molecular Weight,223753,
7057D_447562,Weight Averaged Molecular Weight,292932,
7054X_447563,Mooney Viscosity,87,
7054X_447563,Mooney Stress Relaxation,1.811,
7054X_447563,Styrene_Cont,21.2,
7054X_447563,Cis_Cont,12.6,
7054X_447563,Trans_Cont,13.6,
7054X_447563,Vinyl_Cont,52.5,
7054X_447563,Glass Transition Temperature,-18.3,
7054X_447563,Number Averaged Molecular Weight,276568,
7054X_447563,Weight Averaged Molecular Weight,345373,
7057E_447563,Mooney Viscosity,85,
7057E_447563,Mooney Stress Relaxation,1.442,
7057E_447563,Styrene_Cont,21.5,
7057E_447563,Cis_Cont,12.6,
7057E_447563,Trans_Cont,13.7,
7057E_447563,Vinyl_Cont,52.1,
7057E_447563,Glass Transition Temperature,-15.1,
7057E_447563,Number Averaged Molecular Weight,262252,
7057E_447563,Weight Averaged Molecular Weight,324251,
7054R_447564,Mooney Viscosity,87,
7054R_447564,Mooney Stress Relaxation,1.811,
7054R_447564,Styrene_Cont,21.5,
7054R_447564,Cis_Cont,12.8,
7054R_447564,Trans_Cont,14.3,
7054R_447564,Vinyl_Cont,51.3,
7054R_447564,Glass Transition Temperature,-17.6,
7054R_447564,Number Averaged Molecular Weight,310036,
7054R_447564,Weight Averaged Molecular Weight,370659,
7054S_447564,Mooney Viscosity,79,
7054S_447564,Mooney Stress Relaxation,1.405,
7054S_447564,Styrene_Cont,21.6,
7054S_447564,Cis_Cont,12.7,
7054S_447564,Trans_Cont,13.9,
7054S_447564,Vinyl_Cont,51.8,
7054S_447564,Glass Transition Temperature,-19.4,
7054S_447564,Number Averaged Molecular Weight,244068,
7054S_447564,Weight Averaged Molecular Weight,312530,
7054R_447565,Mooney Viscosity,87,
7054R_447565,Mooney Stress Relaxation,1.811,
7054R_447565,Styrene_Cont,21.5,
7054R_447565,Cis_Cont,12.8,
7054R_447565,Trans_Cont,14.3,
7054R_447565,Vinyl_Cont,51.3,
7054R_447565,Glass Transition Temperature,-17.6,
7054R_447565,Number Averaged Molecular Weight,310036,
7054R_447565,Weight Averaged Molecular Weight,370659,
7054S_447565,Mooney Viscosity,79,
7054S_447565,Mooney Stress Relaxation,1.405,
7054S_447565,Styrene_Cont,21.6,
7054S_447565,Cis_Cont,12.7,
7054S_447565,Trans_Cont,13.9,
7054S_447565,Vinyl_Cont,51.8,
7054S_447565,Glass Transition Temperature,-19.4,
7054S_447565,Number Averaged Molecular Weight,244068,
7054S_447565,Weight Averaged Molecular Weight,312530,
7054X_447566,Mooney Viscosity,87,
7054X_447566,Mooney Stress Relaxation,1.811,
7054X_447566,Styrene_Cont,21.2,
7054X_447566,Cis_Cont,12.6,
7054X_447566,Trans_Cont,13.6,
7054X_447566,Vinyl_Cont,52.5,
7054X_447566,Glass Transition Temperature,-18.3,
7054X_447566,Number Averaged Molecular Weight,276568,
7054X_447566,Weight Averaged Molecular Weight,345373,
7057E_447566,Mooney Viscosity,85,
7057E_447566,Mooney Stress Relaxation,1.442,
7057E_447566,Styrene_Cont,21.5,
7057E_447566,Cis_Cont,12.6,
7057E_447566,Trans_Cont,13.7,
7057E_447566,Vinyl_Cont,52.1,
7057E_447566,Glass Transition Temperature,-15.1,
7057E_447566,Number Averaged Molecular Weight,262252,
7057E_447566,Weight Averaged Molecular Weight,324251,
7054W_447567,Mooney Viscosity,88,
7054W_447567,Mooney Stress Relaxation,1.555,
7054W_447567,Styrene_Cont,21.4,
7054W_447567,Cis_Cont,12.5,
7054W_447567,Trans_Cont,13.4,
7054W_447567,Vinyl_Cont,52.6,
7054W_447567,Glass Transition Temperature,-16.6,
7054W_447567,Number Averaged Molecular Weight,247125,
7054W_447567,Weight Averaged Molecular Weight,355459,
7057D_447567,Mooney Viscosity,79,
7057D_447567,Mooney Stress Relaxation,1.487,
7057D_447567,Styrene_Cont,21.7,
7057D_447567,Cis_Cont,12.7,
7057D_447567,Trans_Cont,14.0,
7057D_447567,Vinyl_Cont,51.6,
7057D_447567,Glass Transition Temperature,-16.9,
7057D_447567,Number Averaged Molecular Weight,223753,
7057D_447567,Weight Averaged Molecular Weight,292932,
7054P_447568,Mooney Viscosity,64,
7054P_447568,Mooney Stress Relaxation,1.75,
7054P_447568,Styrene_Cont,21.7,
7054P_447568,Cis_Cont,13.0,
7054P_447568,Trans_Cont,14.8,
7054P_447568,Vinyl_Cont,50.4,
7054P_447568,Glass Transition Temperature,-21.5,
7054P_447568,Number Averaged Molecular Weight,249580,
7054P_447568,Weight Averaged Molecular Weight,309310,
7057A_447568,Mooney Viscosity,67,
7057A_447568,Mooney Stress Relaxation,1.829,
7057A_447568,Styrene_Cont,21.7,
7057A_447568,Cis_Cont,13.0,
7057A_447568,Trans_Cont,14.7,
7057A_447568,Vinyl_Cont,50.7,
7057A_447568,Glass Transition Temperature,-21.5,
7057A_447568,Number Averaged Molecular Weight,243178,
7057A_447568,Weight Averaged Molecular Weight,301338,
7054G_447581,Mooney Viscosity,71,
7054G_447581,Mooney Stress Relaxation,1.062,
7054G_447581,Styrene_Cont,21.5,
7054G_447581,Cis_Cont,13.1,
7054G_447581,Trans_Cont,14.9,
7054G_447581,Vinyl_Cont,50.6,
7054G_447581,Glass Transition Temperature,-21.6,
7054G_447581,Number Averaged Molecular Weight,257258,
7054G_447581,Weight Averaged Molecular Weight,414374,
7054T_447582,Mooney Viscosity,71,
7054T_447582,Mooney Stress Relaxation,1.173,
7054T_447582,Styrene_Cont,21.6,
7054T_447582,Cis_Cont,12.8,
7054T_447582,Trans_Cont,14.1,
7054T_447582,Vinyl_Cont,51.6,
7054T_447582,Glass Transition Temperature,-18.8,
7054T_447582,Number Averaged Molecular Weight,237692,
7054T_447582,Weight Averaged Molecular Weight,309108,
7054U_447582,Mooney Viscosity,70,
7054U_447582,Mooney Stress Relaxation,1.178,
7054U_447582,Styrene_Cont,21.6,
7054U_447582,Cis_Cont,12.8,
7054U_447582,Trans_Cont,14.2,
7054U_447582,Vinyl_Cont,51.5,
7054U_447582,Glass Transition Temperature,-19.4,
7054U_447582,Number Averaged Molecular Weight,246543,
7054U_447582,Weight Averaged Molecular Weight,311297,
7054O_447583,Mooney Viscosity,91,
7054O_447583,Mooney Stress Relaxation,1.092,
7054O_447583,Styrene_Cont,21.5,
7054O_447583,Cis_Cont,12.6,
7054O_447583,Trans_Cont,13.8,
7054O_447583,Vinyl_Cont,52.0,
7054O_447583,Glass Transition Temperature,-17.9,
7054O_447583,Number Averaged Molecular Weight,258592,
7054O_447583,Weight Averaged Molecular Weight,385674,
7054K_447584,Mooney Viscosity,78,
7054K_447584,Mooney Stress Relaxation,1.121,
7054K_447584,Styrene_Cont,21.7,
7054K_447584,Cis_Cont,13.0,
7054K_447584,Trans_Cont,14.6,
7054K_447584,Vinyl_Cont,50.7,
7054K_447584,Glass Transition Temperature,-21.3,
7054K_447584,Number Averaged Molecular Weight,246730,
7054K_447584,Weight Averaged Molecular Weight,349352,
7054N_447584,Mooney Viscosity,84,
7054N_447584,Mooney Stress Relaxation,1.101,
7054N_447584,Styrene_Cont,21.2,
7054N_447584,Cis_Cont,12.7,
7054N_447584,Trans_Cont,13.8,
7054N_447584,Vinyl_Cont,52.3,
7054N_447584,Glass Transition Temperature,-19.2,
7054N_447584,Number Averaged Molecular Weight,260051,
7054N_447584,Weight Averaged Molecular Weight,424110,
7054K_447585,Mooney Viscosity,78,
7054K_447585,Mooney Stress Relaxation,1.121,
7054K_447585,Styrene_Cont,21.7,
7054K_447585,Cis_Cont,13.0,
7054K_447585,Trans_Cont,14.6,
7054K_447585,Vinyl_Cont,50.7,
7054K_447585,Glass Transition Temperature,-21.3,
7054K_447585,Number Averaged Molecular Weight,246730,
7054K_447585,Weight Averaged Molecular Weight,349352,
7054N_447585,Mooney Viscosity,84,
7054N_447585,Mooney Stress Relaxation,1.101,
7054N_447585,Styrene_Cont,21.2,
7054N_447585,Cis_Cont,12.7,
7054N_447585,Trans_Cont,13.8,
7054N_447585,Vinyl_Cont,52.3,
7054N_447585,Glass Transition Temperature,-19.2,
7054N_447585,Number Averaged Molecular Weight,260051,
7054N_447585,Weight Averaged Molecular Weight,424110,
7054O_447586,Mooney Viscosity,91,
7054O_447586,Mooney Stress Relaxation,1.092,
7054O_447586,Styrene_Cont,21.5,
7054O_447586,Cis_Cont,12.6,
7054O_447586,Trans_Cont,13.8,
7054O_447586,Vinyl_Cont,52.0,
7054O_447586,Glass Transition Temperature,-17.9,
7054O_447586,Number Averaged Molecular Weight,258592,
7054O_447586,Weight Averaged Molecular Weight,385674,
7054T_447587,Mooney Viscosity,71,
7054T_447587,Mooney Stress Relaxation,1.173,
7054T_447587,Styrene_Cont,21.6,
7054T_447587,Cis_Cont,12.8,
7054T_447587,Trans_Cont,14.1,
7054T_447587,Vinyl_Cont,51.6,
7054T_447587,Glass Transition Temperature,-18.8,
7054T_447587,Number Averaged Molecular Weight,237692,
7054T_447587,Weight Averaged Molecular Weight,309108,
7054U_447587,Mooney Viscosity,70,
7054U_447587,Mooney Stress Relaxation,1.178,
7054U_447587,Styrene_Cont,21.6,
7054U_447587,Cis_Cont,12.8,
7054U_447587,Trans_Cont,14.2,
7054U_447587,Vinyl_Cont,51.5,
7054U_447587,Glass Transition Temperature,-19.4,
7054U_447587,Number Averaged Molecular Weight,246543,
7054U_447587,Weight Averaged Molecular Weight,311297,
7054G_447588,Mooney Viscosity,71,
7054G_447588,Mooney Stress Relaxation,1.062,
7054G_447588,Styrene_Cont,21.5,
7054G_447588,Cis_Cont,13.1,
7054G_447588,Trans_Cont,14.9,
7054G_447588,Vinyl_Cont,50.6,
7054G_447588,Glass Transition Temperature,-21.6,
7054G_447588,Number Averaged Molecular Weight,257258,
7054G_447588,Weight Averaged Molecular Weight,414374,
7054W_447601,Mooney Viscosity,88,
7054W_447601,Mooney Stress Relaxation,1.555,
7054W_447601,Styrene_Cont,21.4,
7054W_447601,Cis_Cont,12.5,
7054W_447601,Trans_Cont,13.4,
7054W_447601,Vinyl_Cont,52.6,
7054W_447601,Glass Transition Temperature,-16.6,
7054W_447601,Number Averaged Molecular Weight,247125,
7054W_447601,Weight Averaged Molecular Weight,355459,
7057D_447601,Mooney Viscosity,79,
7057D_447601,Mooney Stress Relaxation,1.487,
7057D_447601,Styrene_Cont,21.7,
7057D_447601,Cis_Cont,12.7,
7057D_447601,Trans_Cont,14.0,
7057D_447601,Vinyl_Cont,51.6,
7057D_447601,Glass Transition Temperature,-16.9,
7057D_447601,Number Averaged Molecular Weight,223753,
7057D_447601,Weight Averaged Molecular Weight,292932,
7054K_447602,Mooney Viscosity,78,
7054K_447602,Mooney Stress Relaxation,1.121,
7054K_447602,Styrene_Cont,21.7,
7054K_447602,Cis_Cont,13.0,
7054K_447602,Trans_Cont,14.6,
7054K_447602,Vinyl_Cont,50.7,
7054K_447602,Glass Transition Temperature,-21.3,
7054K_447602,Number Averaged Molecular Weight,246730,
7054K_447602,Weight Averaged Molecular Weight,349352,
7054N_447602,Mooney Viscosity,84,
7054N_447602,Mooney Stress Relaxation,1.101,
7054N_447602,Styrene_Cont,21.2,
7054N_447602,Cis_Cont,12.7,
7054N_447602,Trans_Cont,13.8,
7054N_447602,Vinyl_Cont,52.3,
7054N_447602,Glass Transition Temperature,-19.2,
7054N_447602,Number Averaged Molecular Weight,260051,
7054N_447602,Weight Averaged Molecular Weight,424110,
7054R_447603,Mooney Viscosity,87,
7054R_447603,Mooney Stress Relaxation,1.811,
7054R_447603,Styrene_Cont,21.5,
7054R_447603,Cis_Cont,12.8,
7054R_447603,Trans_Cont,14.3,
7054R_447603,Vinyl_Cont,51.3,
7054R_447603,Glass Transition Temperature,-17.6,
7054R_447603,Number Averaged Molecular Weight,310036,
7054R_447603,Weight Averaged Molecular Weight,370659,
7054S_447603,Mooney Viscosity,79,
7054S_447603,Mooney Stress Relaxation,1.405,
7054S_447603,Styrene_Cont,21.6,
7054S_447603,Cis_Cont,12.7,
7054S_447603,Trans_Cont,13.9,
7054S_447603,Vinyl_Cont,51.8,
7054S_447603,Glass Transition Temperature,-19.4,
7054S_447603,Number Averaged Molecular Weight,244068,
7054S_447603,Weight Averaged Molecular Weight,312530,
7054T_447604,Mooney Viscosity,71,
7054T_447604,Mooney Stress Relaxation,1.173,
7054T_447604,Styrene_Cont,21.6,
7054T_447604,Cis_Cont,12.8,
7054T_447604,Trans_Cont,14.1,
7054T_447604,Vinyl_Cont,51.6,
7054T_447604,Glass Transition Temperature,-18.8,
7054T_447604,Number Averaged Molecular Weight,237692,
7054T_447604,Weight Averaged Molecular Weight,309108,
7054U_447604,Mooney Viscosity,70,
7054U_447604,Mooney Stress Relaxation,1.178,
7054U_447604,Styrene_Cont,21.6,
7054U_447604,Cis_Cont,12.8,
7054U_447604,Trans_Cont,14.2,
7054U_447604,Vinyl_Cont,51.5,
7054U_447604,Glass Transition Temperature,-19.4,
7054U_447604,Number Averaged Molecular Weight,246543,
7054U_447604,Weight Averaged Molecular Weight,311297,
7054T_447605,Mooney Viscosity,71,
7054T_447605,Mooney Stress Relaxation,1.173,
7054T_447605,Styrene_Cont,21.6,
7054T_447605,Cis_Cont,12.8,
7054T_447605,Trans_Cont,14.1,
7054T_447605,Vinyl_Cont,51.6,
7054T_447605,Glass Transition Temperature,-18.8,
7054T_447605,Number Averaged Molecular Weight,237692,
7054T_447605,Weight Averaged Molecular Weight,309108,
7054U_447605,Mooney Viscosity,70,
7054U_447605,Mooney Stress Relaxation,1.178,
7054U_447605,Styrene_Cont,21.6,
7054U_447605,Cis_Cont,12.8,
7054U_447605,Trans_Cont,14.2,
7054U_447605,Vinyl_Cont,51.5,
7054U_447605,Glass Transition Temperature,-19.4,
7054U_447605,Number Averaged Molecular Weight,246543,
7054U_447605,Weight Averaged Molecular Weight,311297,
7054R_447606,Mooney Viscosity,87,
7054R_447606,Mooney Stress Relaxation,1.811,
7054R_447606,Styrene_Cont,21.5,
7054R_447606,Cis_Cont,12.8,
7054R_447606,Trans_Cont,14.3,
7054R_447606,Vinyl_Cont,51.3,
7054R_447606,Glass Transition Temperature,-17.6,
7054R_447606,Number Averaged Molecular Weight,310036,
7054R_447606,Weight Averaged Molecular Weight,370659,
7054S_447606,Mooney Viscosity,79,
7054S_447606,Mooney Stress Relaxation,1.405,
7054S_447606,Styrene_Cont,21.6,
7054S_447606,Cis_Cont,12.7,
7054S_447606,Trans_Cont,13.9,
7054S_447606,Vinyl_Cont,51.8,
7054S_447606,Glass Transition Temperature,-19.4,
7054S_447606,Number Averaged Molecular Weight,244068,
7054S_447606,Weight Averaged Molecular Weight,312530,
7054K_447607,Mooney Viscosity,78,
7054K_447607,Mooney Stress Relaxation,1.121,
7054K_447607,Styrene_Cont,21.7,
7054K_447607,Cis_Cont,13.0,
7054K_447607,Trans_Cont,14.6,
7054K_447607,Vinyl_Cont,50.7,
7054K_447607,Glass Transition Temperature,-21.3,
7054K_447607,Number Averaged Molecular Weight,246730,
7054K_447607,Weight Averaged Molecular Weight,349352,
7054N_447607,Mooney Viscosity,84,
7054N_447607,Mooney Stress Relaxation,1.101,
7054N_447607,Styrene_Cont,21.2,
7054N_447607,Cis_Cont,12.7,
7054N_447607,Trans_Cont,13.8,
7054N_447607,Vinyl_Cont,52.3,
7054N_447607,Glass Transition Temperature,-19.2,
7054N_447607,Number Averaged Molecular Weight,260051,
7054N_447607,Weight Averaged Molecular Weight,424110,
7054W_447608,Mooney Viscosity,88,
7054W_447608,Mooney Stress Relaxation,1.555,
7054W_447608,Styrene_Cont,21.4,
7054W_447608,Cis_Cont,12.5,
7054W_447608,Trans_Cont,13.4,
7054W_447608,Vinyl_Cont,52.6,
7054W_447608,Glass Transition Temperature,-16.6,
7054W_447608,Number Averaged Molecular Weight,247125,
7054W_447608,Weight Averaged Molecular Weight,355459,
7057D_447608,Mooney Viscosity,79,
7057D_447608,Mooney Stress Relaxation,1.487,
7057D_447608,Styrene_Cont,21.7,
7057D_447608,Cis_Cont,12.7,
7057D_447608,Trans_Cont,14.0,
7057D_447608,Vinyl_Cont,51.6,
7057D_447608,Glass Transition Temperature,-16.9,
7057D_447608,Number Averaged Molecular Weight,223753,
7057D_447608,Weight Averaged Molecular Weight,292932,
